{"count":1,"self":7.0723384,"total":7.4003052999999994,"children":{"InitializeActuators":{"count":30,"self":0.0059962999999999995,"total":0.0059962999999999995,"children":null},"InitializeSensors":{"count":30,"self":0.0049974,"total":0.0049974,"children":null},"AgentSendState":{"count":105,"self":0.013992399999999999,"total":0.0469537,"children":{"CollectObservations":{"count":630,"self":0.0019947999999999997,"total":0.0019947999999999997,"children":null},"WriteActionMask":{"count":630,"self":0.0049844,"total":0.0049844,"children":null},"RequestDecision":{"count":630,"self":0.025982099999999998,"total":0.025982099999999998,"children":null}}},"DecideAction":{"count":105,"self":0.1595585,"total":0.24902039999999998,"children":{"RayPerceptionSensor.Perceive":{"count":630,"self":0.0894619,"total":0.0894619,"children":null}}},"AgentAct":{"count":105,"self":0.018998499999999998,"total":0.018998499999999998,"children":null}},"gauges":{},"metadata":{"timer_format_version":"0.1.0","start_time_seconds":"1615067192","unity_version":"2019.4.10f1","command_line_arguments":"C:\\Program Files\\Unity\\Editor\\Unity.exe -projectpath G:\\UnityProjects\\AILearnsToCrossTheRoad -useHub -hubIPC -cloudEnvironment production -hubSessionId 9aa118c0-67e6-11eb-8e50-1d960df9f016 -accessToken 8CQGdDt4GiMtQRFkL1VAHD01_rscIx2h5_YfhDx16Vw009f","communication_protocol_version":"1.4.0","com.unity.ml-agents_version":"1.8.0-preview","scene_name":"SampleScene","end_time_seconds":"1615067199"}}